k,error,ratio
10,0.544608,56.301616
50,0.314431,11.260323
100,0.215932,5.630162
200,0.129496,2.815081
